{
  "project_info": {
    "project_number": "742789296848",
    "firebase_url": "https://fdsff-805f5.firebaseio.com",
    "project_id": "fdsff-805f5",
    "storage_bucket": "fdsff-805f5.appspot.com"
  },
  "client": [
    {
      "client_info": {
        "mobilesdk_app_id": "1:742789296848:android:32bbcf5aa0713256",
        "android_client_info": {
          "package_name": "com.example.geric.firebase"
        }
      },
      "oauth_client": [
        {
          "client_id": "742789296848-jm0jnq5b9gf1950unst5cfvuoojjp89g.apps.googleusercontent.com",
          "client_type": 3
        }
      ],
      "api_key": [
        {
          "current_key": "AIzaSyCCb4Oa_fQOSsQwi4rG2_qi6Lx-ZWz6zzs"
        }
      ],
      "services": {
        "appinvite_service": {
          "other_platform_oauth_client": [
            {
              "client_id": "742789296848-jm0jnq5b9gf1950unst5cfvuoojjp89g.apps.googleusercontent.com",
              "client_type": 3
            }
          ]
        }
      }
    }
  ],
  "configuration_version": "1"
}